StreamOrde,percGW_reach_median,percBZ_reach_median,percWC_reach_median
1,0.4956567690970043,0.22797226887411176,0
2,0.37359151890116066,0.4895637514857868,0
3,0.3059619545482043,0.6222275435010594,0
4,0.22903272338373157,0.7112402877682373,0
5,0.1544342855676361,0.7025327310439776,0
6,0.10217836698042562,0.6356222172087163,0
7,0.06768844730639015,0.7600582243653645,0
1,0.5007188822841424,0.20913241276831485,0
2,0.39744278942733113,0.4024368552162829,0
3,0.33604142111619945,0.5279387879288157,0
4,0.253394295761787,0.6486878664127991,0
5,0.14552399462238824,0.7425507166058398,0
6,0.14774195617016533,0.6914736895812115,0
7,0.07091459115626025,0.7011212977579072,0
8,0.05256252442705481,0.6803942689082596,0
1,0.41545515890991047,0.31301559841111204,0
2,0.33562474545811444,0.5489390135665355,0
3,0.2616925869535463,0.6769394445684275,0
4,0.23817718710769972,0.665919885694508,0
5,0.1785772585767162,0.6195291290206772,0
6,0.136300366747602,0.8386927219611335,0
7,0.05961638457349767,0.9327225307628856,0
8,0.029671403963286228,0.8235734201778111,0
1,0.35194501014161617,0.4402030534960998,0.0014647729055957907
2,0.24684622505821585,0.7163544019777145,0.004683275337356293
3,0.18285714115477641,0.8200325532211454,0.012109618982031778
4,0.12269763101123948,0.8228839774059351,0.028911145307573955
5,0.13119223785619327,0.5567126083393935,0.08520854130324602
6,0.051926949588056937,0.7418556037623352,0.746426932159613
1,0.608585747358845,0.08863178786981302,0
2,0.5630704439193446,0.16698559252359668,0
3,0.5881097665483257,0.2012817836419548,0
4,0.5729906578353849,0.2988980696750776,0
5,0.41290741066811487,0.38303860835482545,0
6,0.5332968096814634,0.45294552399457966,0
8,0.05602117857153598,0.25749207410108477,0
1,0.5576510589435448,0.15604838020814207,0.002071936581818356
2,0.46088843309957883,0.3334481602318952,0.007404391056656369
3,0.36184949295647334,0.4544923413921767,0.022452021065444604
4,0.3055667252981512,0.4971187592244788,0.06922161447388017
5,0.20575635709437445,0.5303759030797253,0.15688928354612014
6,0.20202536334167298,0.5214371047633135,0.4611514416343693
7,0.06055314794817155,0.6280908216021588,0.9130206346987129
1,0.5154290870851043,0.2598365618637765,0
2,0.37499875380579123,0.49871522640145294,0
3,0.30706975868396724,0.6115211110847792,0
4,0.24785057987196069,0.6447289949119099,0
5,0.1367562592615376,0.6444959103199627,0
6,0.14257418021816068,0.8642456587693581,0
7,0.06625045043764068,0.8186919843498602,0
8,0.03376099804741122,0.8798347257486442,0
1,NA,NA,NA
2,0.20065601266145514,0.7996717479005595,0.0027105028401370537
3,0.13308551962383322,0.8894005282636253,0.00601599913164098
4,0.07507174693230037,0.9452223517548497,0.013644517672091338
5,0.04963545191642757,0.9759607247527822,0.028986022347309542
6,0.029462059610045412,0.888825139671111,0.07063823418998375
7,0.03484511451369643,0.8275383690352787,0.690432725883519
8,0.016597043746204396,0.6886862695745078,0.7170283388885615
1,0.8691313590999523,0,0
2,0.778675752453503,0,0
3,0.7881332995349208,0,0
4,0.7550047899044152,0,0
5,0.6532057177982273,0,0
6,0.7620731333789083,0,0
1,NA,NA,NA
2,0.3912352155210483,0.49558088785121196,0
3,0.2916031513494033,0.6101144088570276,0
4,0.20392634770997328,0.7325334366068661,0
5,0.10807727408258486,0.8196009648852896,0
6,0.07808076496702927,0.8578739912453195,0
7,0.10099194656417987,0.7746462277658871,0
1,0.4163964347695413,0.3447152713799208,0
2,0.2665521872549324,0.6628825136044524,0
3,0.18782992791908792,0.7942802654726641,0
4,0.130327870436035,0.8570892144270941,0
5,0.09130526272734195,0.8320353180227392,0
6,0.11879239313209694,0.7025309961310596,0
7,0.058951001206253205,0.9667188979555695,0
8,0.06047001845974373,1.0549556067208976,0
1,NA,NA,NA
2,NA,NA,NA
3,0.8109184416001756,0,0
4,0.7232262036640835,0,0
5,0.6750347183997496,0,0
6,0.46425707100343444,0,0
7,0.5383101763718383,0,0
8,0.511103512582474,0,0
9,0.5099692170045698,0,0
1,NA,NA,NA
2,NA,NA,NA
3,NA,NA,NA
4,0.6142196382116302,0,0
5,0.538501281864167,0,0
6,0.3952500225675395,0,0
7,0.4932681427599107,0,0
8,0.35058097496393564,0,0
1,0.34546007186683114,0.4387635404121086,0
2,0.2321743553439955,0.753280918157354,0
3,0.15219572312115068,0.8527964292687464,0
4,0.09509097701786513,0.9139281955074243,0
5,0.056699418458223995,0.9428721844440446,0
6,0.04037290952402495,0.9518715145445682,0
7,0.01872874642211078,0.9990843313843583,0
8,0.00928598794987122,1.0229112256707869,0
1,0.6650092496092641,0,0
2,0.7978092750995452,0,0
3,0.8655855019501413,0,0
4,0.8299386310369175,0,0
5,0.7187623538662894,0,0
6,0.45611513125405084,0,0
8,0.10933474334412507,0,0
1,0.35880745864206937,0.4366061305848749,0
2,0.22875506991549532,0.7398843825688266,0
3,0.1505526178796842,0.8396138791605356,0
4,0.09435400072434379,0.8964959587111987,0
5,0.04565115686251682,0.9423071287153082,0
6,0.025979968776181365,0.9536250070113401,0
7,0.010819218141483226,1.003277687905809,0
8,0.01824917904262837,0.8128906113018185,0
1,0.726355714825184,0.03903886604230769,7.734668665389447e-4
2,0.5046286867642631,0.09144893400611287,0.0025632094301779275
3,0.4340565419809491,0.16312999410812093,0.007750387380774114
4,0.34163545848222476,0.2606979521443814,0.022039121425815912
5,0.2411914615244319,0.32373395695627805,0.06985893186766493
6,0.11520076895242415,0.3959890317080815,0.1685500662620839
1,0.5726875359440671,0.17467078007001285,5.089107167408392e-4
2,0.44004487577707113,0.30474885932411633,0.0012280116659081292
3,0.30359031196395814,0.4076725139443232,0.0029414294488419907
4,0.2050461947168622,0.5442217123687371,0.006098385968379022
5,0.13944220165036403,0.5354895956150207,0.016220753407276058
6,0.09418066935856398,0.655577091061204,0.04511551108049358
7,0.0943968502364151,0.6819145086312693,0.023813507996140404
8,0.031150265335431707,0.543285972055632,0.10349698130698645
1,0.4842426014467836,0.31637997373858306,0
2,0.35387499607299727,0.5337165148494243,0
3,0.23153856825900837,0.6892022533594536,0
4,0.1542395170006593,0.7187531770814424,0
5,0.08513217444618382,0.8370602913301274,0
6,0.051329629736303256,0.7341364952743324,0
7,0.033038457605491726,0.8282001814417588,0
1,NA,NA,NA
2,0.2684865784416994,0.6923796680621322,6.994745000239086e-4
3,0.18731440328516916,0.798375696689371,0.001577119439484707
4,0.12082563407477333,0.8561604268560903,0.0032583124282871915
5,0.0719160003171187,0.8372949504349104,0.007390280895665919
6,0.05236371092800615,0.8665442812089468,0.020041053516901913
7,0.024401515532663363,0.6744349565856241,0.040076186831515474
8,0.013278985609564694,1.5058748193971752,0.1588370387629476
1,0.4606215644919536,0.3591233548642437,0
2,0.3258691906675826,0.6089886724293841,0
3,0.2340815155424395,0.7296166410353001,0
4,0.15114587541229574,0.8102089813847628,0
5,0.08650122193623028,0.8262434901928882,0
6,0.05492956740144198,0.8621333443410032,0
7,0.027025049594548243,0.7196983889122107,0
8,0.01709210521922925,0.705868141247462,0
1,0.3747446665765562,0.4679602607202771,0.0013521420412998704
2,0.25869392685598314,0.7222927958388117,0.004366671522182864
3,NA,NA,NA
4,0.10942898861792857,0.8534433901239221,0.022060220780890476
5,0.06640920182114847,0.8415772926408331,0.044621101570251336
6,0.04923206110768205,0.6652249618758914,0.0898573000743185
7,0.034575750435253516,0.6284399154464215,0.4366603966420094
8,0.0401924642422156,0,0
1,0.5105701399141356,0.23713161826708032,0
2,NA,NA,NA
3,0.25538483165419035,0.6841539455070866,0
4,0.15187236745102364,0.7913388378198587,0
5,0.08616523675567905,0.8467398806257938,0
6,0.053629259995019586,0.8557242747876891,0
7,0.031172249627473576,0.8956752982645295,0
8,0.015979584262646226,0.9974891155897744,0
9,0.01338795506719355,0.7542649459350164,0
1,0.5107357369925477,0.2544998257475751,0
2,0.3605106818514685,0.530739000037596,0
3,0.26127652134194523,0.6753532436509105,0
4,0.15274638260592321,0.7817894680660511,0
5,0.0855933434233235,0.851680799700394,0
6,0.04590823626385015,0.8571258524561932,0
7,0.022517601964830262,0.9324782294494166,0
8,0.014213901210945915,0.9803569935727314,0
1,0.37070273143321647,0.3804364569084189,0
2,0.29146668751474447,0.6807210521229775,0
3,0.21628298228056322,0.7923157514994619,0
4,0.14416747363585317,0.8650587858368067,0
5,0.09009083337638232,0.915637051506289,0
6,0.05152064730338083,0.9739338229574568,0
7,0.033054672990237614,1.0468970338752999,0
8,0.021594956331442133,0.8563110710430063,0
1,0.3729595321087745,0.3790432606976459,0
2,0.29823862792697475,0.6843619081493011,0
3,0.21173285277596554,0.7838994240118224,0
4,0.12715756234347422,0.8570417212899428,0
5,0.0692889563654658,0.93350915237185,0
6,0.03008217516606741,0.9768009721817505,0
7,0.05674644343663034,0.7949267514413949,0
1,0.368270141733956,0.3661896614036585,0
2,0.32845175521525716,0.6526960109789246,0
3,0.24776613400571343,0.7504490171370443,0
4,0.1722373703538986,0.8039353595150988,0
5,0.1098615294599998,0.8739349067653308,0
6,0.06962624044163648,0.9021568693822176,0
7,0.04354411393238621,0.6909658655355762,0
8,0.015103083235689263,0.9076961590400592,0
9,0.019892381499022813,0.8323226650856543,0
1,0.39510991833622777,0.3446328679704518,6.365869336399314e-5
2,0.3602887828931669,0.6062623438860137,2.5744617014696297e-4
3,0.2654016239212329,0.6992001513924863,6.471585099535552e-4
4,0.19068949704204052,0.7623669332600883,0.0015323602424512158
5,0.12047588803410286,0.8309221261511983,0.003985935675553896
6,0.08338398805805415,0.8826966252166528,0.006242249063897257
7,0.043467652733386306,0.9828314219948702,0.009404229281545058
8,0.02886242361347698,0.6965038001123852,0.04936398591546203
1,0.23672346495046276,0.5994147812586641,0.0010297432253725818
2,0.1612151713601344,0.849360088770039,0.0031161342737411916
3,0.1111856336439975,0.9092627361901771,0.007347094505755179
4,0.06487610021421704,0.9466023165239904,0.016842708324904854
5,0.03429669449078634,0.9634716846634915,0.031656810853260386
6,0.020569958350125622,0.8974559712313035,0.07599226393996837
7,0.006991014325371138,1.039947113231944,0.10043993568694229
8,0.011122142575690715,0.6800310078317523,0.7429789561833278
1,0.40507045640819594,0.30567918632089286,3.965007653934648e-5
2,0.32738322692090654,0.5659308504389704,1.4843250098760176e-4
3,0.246315899223385,0.7005213281475884,3.725579182680276e-4
4,0.17804872827049323,0.7612207344445706,9.406893773569679e-4
5,0.10699076378329737,0.8238164153580253,0.002050900835347477
6,0.08093643003035582,0.9432104660098574,0.003861079091292229
7,0.025446570087171112,0.9564031678551717,0.00795652901092173
1,0.21788877831612954,0.6149027343056781,8.635727138140706e-4
2,NA,NA,NA
3,0.12213422664108187,0.9010457836253594,0.006765992412405887
4,0.08707657247643073,0.921918294911272,0.016163154904528593
5,0.061055851507868804,0.8405110614132444,0.038425121150112825
6,0.03391098434935795,0.7896048941029572,0.04586804807086556
7,0.024773940334656047,0.6085547615067491,0.3863321783913837
8,0.015249021556927405,0.6200244666858392,0.5463369472090385
1,NA,NA,NA
2,NA,NA,NA
3,0.31026491792938826,0.5030873070749783,0
4,0.2030919609196084,0.6749226476536407,0
5,0.16025950947536208,0.6461858707609612,0
6,0.07754349593012524,0.900384799435638,0
7,0.05611153613661882,0.9223854660827137,0
8,0.04247298845609806,0.9482591348564385,0
9,0.05776146058778409,0.9392934759685263,0
1,0.3745510223295998,0.36677588302855324,0
2,NA,NA,NA
3,0.25475952929822204,0.7313348202258199,0
4,0.18104206675621726,0.790225141943738,0
5,0.10732713413935924,0.8391608497856919,0
6,0.0730789510685529,0.8021676629831141,0
7,0.05721670927784925,0.7050160700890971,0
8,0.009679961465088139,0.7574643290225596,0
9,0.0111628914521183,0.6783168209738861,0
1,NA,NA,NA
2,NA,NA,NA
3,NA,NA,NA
4,0.17896957776727915,0.7936897242707569,0
5,0.13772409057280127,0.6909137669269554,0
6,0.14569825026094957,0.5733539346640915,0
7,0.06265058020185409,0.7397993118963568,0
1,0.4753558407881541,0.2347329229188329,6.31357250134684e-5
2,0.4707318094644103,0.4473561209482272,2.530441695315762e-4
3,0.38740122770510665,0.5327947442108225,6.717850058104532e-4
4,0.2765134567008878,0.6100625194473408,0.0017429307550182772
5,0.2264092658609831,0.4581652227240911,0.004963355157855318
6,0.1857084477154184,0.5633882068321596,0.013584306247765476
7,0.18759359440390277,0.6297585657145576,0.04080823289217045
8,0.03308519978284243,0.7758861047154995,0.06871857168523242
1,0.4187833259587934,0.3020698285809199,0
2,0.39258878268240405,0.5609762378512042,0
3,NA,NA,NA
4,NA,NA,NA
5,0.16952235423175718,0.6552266794586343,0
6,0.15628589493849512,0.5898002850360858,0
7,0.11394460254250563,0.5976439004100592,0
8,0.06560748958911912,0,0
1,0.23723399082638652,0.5585553007192746,3.675086754261553e-4
2,0.14069500135255536,0.855754860291819,8.980638869692724e-4
3,0.09091706920353598,0.9252433903824788,0.0018446198621889101
4,0.05606576105964693,0.9600344293822847,0.004079143890696996
5,0.03360752945423549,0.9793359956141899,0.008732132309193775
6,0.02043136596661012,0.9334626423421196,0.019997304800207828
7,0.01512081186432742,0.7461254393811836,0.026050567107725377
8,0.004834802489185345,0.9643559970297176,0.0480060837896443
9,0.03156813875850323,0.011214176193442817,0
1,0.4434315636756432,0.2644583696938738,0
2,0.39582018242082656,0.5374798540456843,0
3,0.3087836670888215,0.6554952262380422,0
4,0.20193647387735775,0.735438608165417,0
5,0.1663084346227468,0.7263682613228979,0
6,0.08580552370095679,0.8727282382999233,0
7,0.0779323717478361,0.784057007079543,0
9,0.11618260748752324,0,0
1,0.48342885751508263,0.17324433897814323,0
2,0.46421210871052904,0.3854244614459246,0
3,0.7624514367049995,0.2649619566397867,0
4,0.8025384196402681,0.32834891925886567,0
5,0.9856159000052195,0.5030593524451668,0
6,0.7266326318956271,0.8076442022774062,0
7,0.39716056803609706,1.5436087409450625,0
9,0.16982031460346414,0.017312284280007934,0
1,0.516021644662506,0.10657471501097443,0
2,0.5940336345277935,0.24025075289973885,0
3,0.7176325750649766,0.18112970754205815,0
4,0.6995337015934189,0.21961131405367637,0
5,0.7514029328157826,0.27010247105078483,0
6,0.5760090700369285,0.4426218720126032,0
7,0.5532450759172574,0.864955285452207,0
9,0.27751504268033167,0.16536722065068804,0
1,0.56108201439447,0.1463953841673986,0.0019646175679947286
2,0.46476777261928587,0.3225524958355576,0.00842389962070547
3,NA,NA,NA
4,0.2445524815958124,0.5670869630656326,0.08715868099256166
5,NA,NA,NA
6,0.07072833731855124,0.49421754600680323,0.6112478892833981
7,0.027884516714928757,0.6011429220567638,0.4673973021121085
8,0.06000823303082582,0.43801058809051513,0.98449314539907
1,NA,NA,NA
2,NA,NA,NA
3,NA,NA,NA
4,0.11040922260474492,0.8169667853787026,0.018199647653968115
5,0.0692595775370713,0.7524589288479158,0.030078934073750934
6,0.029613717616847696,0.8614662941926408,0.03890053949469092
7,0.02360580812550449,0.8484145686602076,0.12605820737888643
8,0.01609103009340156,0.6197815812195034,0.28083199372462
1,0.6313314126912681,0.04391960458086653,0
2,0.5980983186677735,0.1275068433550423,0
3,0.5139377194513297,0.2638091113089934,0
4,0.4079653299535324,0.4208994619795787,0
5,0.2703160507449709,0.5677919568796764,0
6,0.1888539950166306,0.7123580825244743,0
1,0.43154489723309825,0.28479539849607916,0
2,0.36044126890389827,0.5499284090880577,0
3,0.24466728725613252,0.6876955294123632,0
4,0.1468902442358371,0.7830207755852658,0
5,0.09743424425224434,0.7586063130606059,0
6,0.03951339613067401,0.9416668682199624,0
8,0.01846657550074662,0.9573587487900643,0
9,0.04935564486136317,1.528606861595736,0
1,0.542499810458706,0.11152158565608676,0
2,0.5499792880649597,0.24414569297929,0
3,0.44921073919981697,0.38183302029501465,0
4,0.3184769474805783,0.5100634939294892,0
5,0.20343209112200944,0.6756250547338185,0
6,0.12288000606864752,0.8204057546321485,0
7,0.10093945802136457,0.744964403628416,0
8,0.049871940950173194,0.7610589748539092,0
1,0.39188253896837777,0.3316514824260488,0
2,0.32781806682114456,0.5996327480795983,0
3,0.22690162929316482,0.7312038306906061,0
4,0.14810276311148318,0.7978649982261358,0
5,0.09915442725983503,0.8363568757238723,0
6,0.06605584687558338,0.8793039757850978,0
7,0.03399154820493048,0.9397698387401711,0
9,0.010067791261687506,0.5379254481931952,0
1,0.49743278328851437,0.19923585142155054,0
2,0.42493547468207277,0.4375422856587755,0
3,0.30870113089490797,0.5800174343049527,0
4,0.2019495084325307,0.6916414797001034,0
5,0.14351858932696293,0.6841505989005955,0
6,0.09026306367352842,0.6565484259562512,0
7,0.07611355619719333,1.2616626391610748,0
1,0.5288753456012418,0.111777495449746,0
2,0.5809694173661275,0.23999688552872878,0
3,0.48150333001594786,0.3476207818637114,0
4,0.3665070666051336,0.44609095799306536,0
5,0.2791147356594366,0.4951245526289179,0
6,0.22060479880400724,0.5953972105431653,0
7,0.1762023565004378,0.7852400624963691,0
8,0.046923076955377965,0.857460596671234,0
1,0.4207805807699766,0.31677421719196264,0
2,0.3263361632930315,0.5930638764150019,0
3,0.23874505631464515,0.7117264445878074,0
4,0.15616729601190818,0.7774461448517587,0
5,0.0766471670808661,0.8108167860162183,0
6,0.04041138526307703,0.7415240778696153,0
7,0.013928516426483585,1.0979958601961812,0
1,NA,NA,NA
2,NA,NA,NA
3,NA,NA,NA
4,0.6285626088173888,0,0
5,0.44778935115304747,0,0
6,0.47551269014763875,0,0
7,0.5071818991167597,0,0
8,0.3875179914279299,0,0
9,0.2801522340316623,0,0
1,0.8104163810688902,2.577799008318709e-4,0
2,0.6241925861633896,4.572329669915625e-4,0
3,0.5568325806635694,6.831677272992277e-4,0
4,0.4284753001386198,0.0011287848984502054,0
5,0.3689585015071497,0.002627460970257933,0
6,0.32149896434238434,0.006511687785725537,0
7,0.2768916388141372,0.007903721335353357,0
1,0.4100274339788533,0.3014648139672103,6.450486999748068e-4
2,0.39074361879990294,0.5592308012635192,0.0026036211961044794
3,0.2833257249025727,0.6816020433703336,0.00598144234773684
4,0.17871271814522316,0.754560248164799,0.014888732494814002
5,0.11939754749175292,0.7797738757663433,0.030466809359271894
6,0.0856193704183604,0.6456164551596307,0.053459311035156
7,0.07222523746653144,0.5662835382317628,0.26334382184803656
8,0.07192509671387959,0.679825158652626,0.2762388299419698
9,0.02345558089420217,0.6029692459864527,0.529180879310175
1,NA,NA,NA
2,NA,NA,NA
3,0.025484161624774737,0.9740447036857554,0.0016831125157443908
4,0.011594731361428873,0.9862712081185654,0.0031689277706128385
5,0.005490960524706124,0.9889363941878848,0.005574023789354916
6,0.002593983133326333,0.9862007170453765,0.012087958815922267
7,0.0010652637084231707,0.982670762691282,0.01975337945618899
8,4.2105563962584473e-4,1.02546066910881,0.029182979658171453
9,3.024202833207593e-4,0.9396871307464006,0.0743735144392055
1,0.27251885871086695,0.5315109660881289,2.557982616381699e-4
2,0.1739761983128051,0.7871060195289046,8.318342124736885e-4
3,0.10055462742007518,0.8805319398109934,0.0018148772351585215
4,0.058500530331762376,0.9221394736387317,0.003732976847586937
5,0.02530753987285277,0.956346308701191,0.006571116448940867
6,0.015483186820353333,0.9190971379427485,0.013659311412420286
7,0.03795613450325727,0.6256602000925469,0.05915194948024975
9,9.75768818802694e-4,0.9782939094043308,0.014211286540113739
1,0.18643001193852932,0.6487164502465652,1.974249503625088e-5
2,0.09454796962661258,0.8879092287758952,4.380532781110913e-5
3,0.05293206174301613,0.9435321130486227,9.698240233143175e-5
4,0.02733870312181717,0.9691586977548057,1.7650262580004626e-4
5,0.013269880621056346,0.9789678619318043,3.195794978269288e-4
6,0.008446745035384357,0.9760811684712412,6.244424823903917e-4
7,0.011814007739259308,0.8356584675230501,0.0011561533730699298
8,0.002985002170154375,0.9830748015763354,9.770162909613497e-4
1,0.2404551122427561,0.686974148454421,2.8859032318302325e-9
2,0.1546283112486502,0.8252436685658655,1.0226331798855112e-8
3,0.1091732563703844,0.8833701344740131,2.1929990865883234e-8
4,0.07523548052663295,0.9104213692032235,4.138977762584531e-8
5,0.04504779182805921,0.8844121065699222,1.0358331884394464e-7
6,0.041388513123349194,0.6510131894345433,5.087922903325879e-7
8,0.004826885620120073,0.7988781696985877,2.716350029935984e-7
1,0.2663050662142044,0.5957395001974222,7.561889445059159e-6
2,0.17908073151720932,0.7846186668275922,1.7408509798727003e-5
3,0.1174673597087517,0.8661525849051113,3.1667258379446406e-5
4,0.068306913823074,0.9127944706195663,6.05680238566652e-5
5,0.03863731220750926,0.9337046126278167,1.168112001882242e-4
6,0.029268515559887257,0.9240969595261078,2.235833011296804e-4
7,0.014164249886239825,0.9357476943446716,5.844391012241456e-4
8,0.035337329884144356,0.07363651590116917,0.2390799759039062
9,0.008126475954512989,0.8007622516719515,0.0018631765308691423
1,0.44801524785863617,0.3422901552614319,0
2,0.3655409733217718,0.5614471031346505,0
3,0.26416816876703114,0.6802719495722686,0
4,0.17131400841646166,0.7584816316134281,0
5,0.12087052419765157,0.7128464057989593,0
6,0.07424093316682376,0.7785441500983452,0
7,0.03964011419952878,0.6922692140602221,0
8,0.07752272791022408,0.8835071688559419,0
1,NA,NA,NA
2,NA,NA,NA
3,0.04046502853157603,0.9591099229710424,0
4,0.019601605327430015,0.977903902947608,0
5,0.010432511252078513,0.9711128499175445,0
6,0.007451103326631528,0.7545330883810702,0
7,0.00168403297872573,0.9765117463223103,0
8,0.003368262928630127,0.9450180455191342,0
1,0.20245064655882175,0.6469867134608347,1.4095036918607633e-4
2,0.1343847614572712,0.828748922137852,3.439535755592774e-4
3,0.08696828832796262,0.888033304266966,6.718619254518319e-4
4,0.05027136893826746,0.922104284898489,0.0012461577656436792
5,0.029575404720718495,0.8416392727746088,0.003184982846472053
6,0.013721274267157652,0.8476032269842172,0.0027943921214979833
7,0.22782729363830595,0.26930256351537873,0.44690400010519055
8,0.002236625662329471,0.7630632180680995,0.034988315720373725
9,0.08359621255267095,1.6140541493077951,0.21003295536178895
1,0.2760593423720124,0.5660890510864365,0
2,0.1803711614251911,0.757728084956347,0
3,0.10966848345261324,0.8370946551365217,0
4,0.06589515991617718,0.8800983055769823,0
5,0.03702207951787999,0.9039933196560321,0
6,0.007078533942303333,0.9442369530863189,0
7,0.016246974454880832,0.646571960307742,0
8,0.25133289962865885,0.5710824685085358,0
1,0.15901002065782985,0.7109231957554065,0.0013847717525702714
2,0.10262611177413355,0.8766120939020119,0.003038342132262304
3,0.06506881374552072,0.921950816974157,0.005375421963784942
4,0.03890194374299129,0.9455199030663497,0.009563024232752512
5,0.014820919472018712,0.9617698728924247,0.015857138593412496
6,0.009016967112558068,0.7230981308907275,0.056079941551776744
7,0.0042477437613042505,0.9487062216653341,0.04545838852784552
1,0.47687480671031507,0.30018014441746316,0
2,0.3512998245303549,0.6097042896689712,0
3,0.23612728155925955,0.7195324634150662,0
4,0.1382132954678051,0.7668681458845955,0
5,0.08380134291721372,0.6838748166301709,0
6,0.06373205732111398,0.6365702501565735,0
7,0.03974450039066353,0.7314419099202221,0
8,0.019318101562433913,1.135405051103745,0
1,NA,NA,NA
2,NA,NA,NA
3,0.20428665726835893,0.7675775957687725,0
4,0.12350130866240196,0.8227319014320911,0
5,NA,NA,NA
6,0.05265091484677141,0.6236544991976867,0
7,NA,NA,NA
8,0.019567505297741792,1.5438359152547436,0
1,NA,NA,NA
2,NA,NA,NA
3,NA,NA,NA
4,0.07556561778078114,0.8631453861058392,0.021441906522020403
5,0.05249329692807299,0.6895286374902135,0.03893825142276145
6,0.04024552726034944,0.5439189738851803,0.09689721953953434
7,0.036035770405098325,0.5624297369239508,0.16791052925820793
8,0.015437006550722068,0.5943743373713481,0.4794240903784067
1,NA,NA,NA
2,NA,NA,NA
3,0.3053826269094772,0.46461904440822305,0
4,0.19262396488811379,0.553563242649334,0
5,0.11993657725354431,0.6133149606720917,0
6,0.052678661663241255,0.5650635531837682,0
7,0.059385249681610096,0.8730214033884662,0
8,0.034812151391569485,1.2997945020239412,0
1,0.12394296770579588,0.7650829460924286,7.58802628330708e-4
2,0.06604320282343498,0.9296097882641537,0.001994433270438239
3,0.0355822930731042,0.9603082059899695,0.004155123257027389
4,0.020107634314724714,0.971155380094808,0.0081075827142901985
5,0.008937195419302841,0.9521891734909318,0.01536607486704583
6,0.005554875749401514,0.6336310791552189,0.11077585823600168
7,0.0033714394145516464,0.5666613431580113,0.13971247047030702
1,0.1381853131067645,0.7337819508775001,0
2,0.06853553928028253,0.9273050934768675,0
3,0.03667100385554031,0.9651246892637603,0
4,0.021342710314213822,0.9770653289347679,0
5,0.012367374726466752,0.927982301638796,0
6,0.009347757951134187,0.9239132672712447,0
7,0.010132252754442867,0.6916607275555176,0
1,0.19626834937970158,0.6647225969024959,4.621883405239743e-5
2,NA,NA,NA
3,NA,NA,NA
4,0.037471143381234764,0.950831010108233,5.461426399472045e-4
5,0.02047747957450069,0.7897438500909003,8.938880734899301e-4
6,0.013472569640809187,0.6827638303077704,0.0017732978513192285
7,0.006593877982151693,0.6982682414650458,0.008532587049944439
8,0.0032643602527432135,0.8727131426253569,0.007154842743801838
1,0.1626757171457156,0.7027821445797462,0.0012198287548937264
2,0.08962856207445845,0.9040223184497781,0.003135933661076295
3,0.04829297364638505,0.9490459156749148,0.005937665683267507
4,0.023704373953238288,0.9625816611854507,0.01114069570987285
5,0.016303948615201166,0.8892142133802904,0.018683783452151773
6,0.009008747075879581,0.7336968271483317,0.02383593414137193
7,0.003291739012045864,0.592497057579643,0.06358079065100448
8,0.0041346718476973745,0.6584285613689305,0.34237724722833407
1,NA,NA,NA
2,NA,NA,NA
3,NA,NA,NA
4,0.008606417025858655,0.9950224956464799,0.0027149011190152053
5,NA,NA,NA
6,0.0024547857408084256,1.0054773016225296,0.01561454473883957
7,3.397774532955425e-4,0.9607578327821232,0.036795755912655576
8,8.061472567220056e-5,0.9130911852743572,0.07149005270426965
1,NA,NA,NA
2,NA,NA,NA
3,NA,NA,NA
4,NA,NA,NA
5,0.007984411219786125,0.9713599216981427,0.009945762599184685
6,0.007809342060273531,0.9286233104226125,0.023973009883872347
7,0.017284199280546194,0.6239290758217155,0.21495563237701973
8,0.0042839704401879414,0.5881037341283081,0.3134314216935649
9,5.448262635034948e-4,0.6305620432022414,0.20485278077368563
1,0.08565431835721656,0.8155621731913465,7.201060180355269e-7
2,0.053712271517596596,0.9451028869401437,1.4271400163309194e-6
3,0.02535006791153468,0.9742786667440453,2.2479707723041803e-6
4,0.012645972451012668,0.9863497964475534,3.834373195415124e-6
5,0.005962289323879381,0.9960250362126393,6.034488937553827e-6
6,0.0035194871487745803,0.9876794465689143,1.2626534186453397e-5
1,0.1367371855040562,0.7154937458512027,2.947176347186652e-4
2,0.088681382478195,0.8992959136789797,6.966339016987192e-4
3,0.04719983026516176,0.9488667926070928,0.001255719291591792
4,0.019701041572281655,0.9753676636453117,0.0022025898662852454
5,0.006379200766179008,0.988216060948802,0.003357989511184998
6,0.0026029579187199685,0.9852920832857983,0.005850924085326133
7,0.0018864604027644383,0.95361263709778,0.017994400392117763
8,0.0016383567274725638,0.585865271516266,0.09832460615221655
1,0.12274211963439442,0.7365871469510064,0
2,0.08889759385289572,0.9050424606994927,0
3,0.048853800045343565,0.9496873297527084,0
4,0.024190652605688968,0.9734301966160586,0
5,0.013863817284934965,0.985727578381862,0
6,0.006778963358671795,0.9670861741499465,0
7,0.010852758108041875,0.9852158976682023,0
8,0.0017617701529818424,0.6243041943363102,0
1,0.1066325084418198,0.7805979745888137,0
2,0.06946684761313335,0.9244206987654355,0
3,0.03700922986628791,0.9595389607905869,0
4,0.017975718761027375,0.9779246954447032,0
5,0.008906407238540479,0.985491888695155,0
6,0.004570312498203971,0.9847639816377199,0
7,0.002385734725597353,0.9862553963800103,0
8,9.097272976227291e-4,0.8899218163208954,0
1,0.06824084565228644,0.8560555325023513,8.648214337859885e-4
2,0.042633546662123295,0.9589452120461657,0.0017577768504092584
3,0.021050158096378432,0.9775631127614128,0.0029954519024034975
4,0.009663113457140013,0.9866664883296976,0.004784070146164515
5,0.004772279623499928,0.9867793583698692,0.009362110884764092
6,0.0024573806817074786,0.9785190505741679,0.018217265198787937
7,0.0016344775075257697,0.830915818445209,0.053497411227198755
8,8.992420736267567e-4,0.6753596405476189,0.07094605125165648
1,0.07329087944320901,0.8542446278355809,8.229270856564539e-4
2,0.04155459794801356,0.960224187976917,0.0017873355784058732
3,0.018804788287035606,0.9796454922016317,0.0030584050192613964
4,NA,NA,NA
5,0.0034223239652726133,0.9798408105171468,0.012532675435060923
6,0.0016642860550465481,0.9531269355758599,0.02848529919331201
7,7.064285594354955e-4,0.9686188002929312,0.049331555545847644
8,2.563667972896364e-4,0.6494864141100138,0.11412521971032899
1,NA,NA,NA
2,0.04599952363464099,0.9535914554988667,0.0018292034196844373
3,0.021109495995704185,0.9765009556249703,0.002829489728213355
4,0.010327927097314747,0.9848353159930561,0.004272258508789236
5,0.0043412173893276895,0.9889135981598909,0.006637775611839799
6,0.0022828050051164287,0.9880115089270693,0.011685008398412654
7,0.0016377935255727839,0.9853309968224225,0.010208932674984694
8,2.1960892493272076e-4,0.6994080472922941,0.13568813506216507
1,0.05853468064643377,0.8652292735255729,0
2,0.05439224005289278,0.9504634653303263,0
3,0.030526989620821704,0.9712963864436392,0
4,NA,NA,NA
5,0.012187179365448034,0.977338712000566,0
6,0.007324047375804002,0.9014154887653902,0
7,0.005294990347978331,0.8811903942171468,0
8,0.0022356764089774416,0.7863841037652226,0
1,0.21963925849893012,0.5912306106476732,0
2,0.12170254816369336,0.8617440288297142,0
3,0.0560128135777388,0.9364573737972383,0
4,0.022926631120087387,0.9786101222559948,0
5,NA,NA,NA
6,0.0012941815044563774,0.9640874714409711,0
7,0.0014390615527292887,0.8673636812110564,0
8,0.001622773321805817,0.7991090680846067,0
1,NA,NA,NA
2,NA,NA,NA
3,0.027348476590241384,0.9737872077390004,0
4,0.013104800931441032,0.9863121930245224,0
5,0.006560645616133712,0.9881992062812881,0
6,NA,NA,NA
7,0.0010127030405988212,0.9465129189286761,0
8,0.004850602841721495,0,0
1,0.11474030076007073,0.7665577764808573,0
2,0.06292397570909036,0.9347809801768512,0
3,0.0272497770211398,0.9707206185543278,0
4,0.011149403304470687,0.986256668141118,0
5,0.005827856751941346,0.9751547710570021,0
6,0.0026898877821899423,0.9620029564837309,0
7,0.001424728765181803,0.8956812773147953,0
8,0.0012437294447878572,0.8671742141865023,0
1,0.10293617818402351,0.789593305755447,3.662225974888273e-4
2,0.05772731404554232,0.9419044685589644,7.742722469562852e-4
3,NA,NA,NA
4,0.013910613205058963,0.9813704724587893,0.0028875995052504324
5,0.007084320767738541,0.9748990778041375,0.007798553079638956
6,0.003386081919415651,0.9287052966475722,0.019332308247176477
7,0.002320511638975494,0.6468232831993582,0.05589130347409549
8,7.691881852894417e-4,0.6004713361795558,0.11616736491920511
1,0.13352857523952627,0.7310112810071463,7.272393132279605e-4
2,0.06600615961431508,0.9309958071547997,0.001590334821683946
3,0.03532539135569331,0.9634059254279428,0.0028214170638459577
4,0.02217862282138176,0.9752386738413701,0.005131812573709165
5,0.013734260682238607,0.9721234822202003,0.010117042723567322
6,0.0021223107614467586,0.7726337501069135,0.06281308660914492
7,0.013754805346371048,1.10189232922634,0.07049547657954747
8,6.434785239382904e-4,0.926093068601749,0.23003117706813692
1,NA,NA,NA
2,0.04047692063072881,0.9616748022589215,0
3,0.019241667992483637,0.981374874482736,0
4,0.009745909368435916,0.9896501803375544,0
5,0.006063266165593254,0.9907707008946575,0
6,0.004493754989694128,0.9910891969275057,0
7,0.0024699470155300426,0.9803872302757025,0
8,0.001669626322414105,0.9906122055913067,0
1,NA,NA,NA
2,NA,NA,NA
3,0.0569357505374983,0.9527012576261553,2.1753197602817752e-4
4,0.03293380162087175,0.9809900442890511,4.6055588729661696e-4
5,NA,NA,NA
6,0.00999565983239207,0.9815225557842567,0.0027972921304071263
7,0.0018700045636107986,0.8779827600273763,0.006526082154852046
8,0.003316534675919974,0.6256856713039634,0.006810871248146566
9,0.024066443626731805,0,0
1,NA,NA,NA
2,NA,NA,NA
3,NA,NA,NA
4,NA,NA,NA
5,NA,NA,NA
6,0.005957540038546559,1.0096445227609965,0.021942948314764378
7,0.0021828359337385484,0.9648084592327129,0.06610963076573258
8,1.4434054659933444e-4,0.8909535312305348,0.12438842997789712
1,NA,NA,NA
2,NA,NA,NA
3,NA,NA,NA
4,NA,NA,NA
5,0.018662007045572873,0.9802444403426772,0.0010750916799059174
6,0.00728239044600036,0.9730666863149602,0.002046926191275899
7,0.002207386760305218,0.9205382967128497,0.004383786841134848
8,0.0010179016159178244,1.0637045887227468,0.03309479681630061
1,NA,NA,NA
2,NA,NA,NA
3,NA,NA,NA
4,NA,NA,NA
5,NA,NA,NA
6,0.046516538771717325,1.0502804037484421,0
7,0.04024030012133143,0.9934161356114829,0
8,0.015701399754335564,1.1257568909011635,0
9,0.010778810684558325,0.9349586851612592,0
1,0.2148783387630473,0.5898071645399958,0
2,NA,NA,NA
3,0.08546648522825076,0.92672254990883,0
4,0.05238807677526737,0.9642563742852174,0
5,0.03660355337494583,1.0278148616847744,0
6,0.023626557025125342,1.0686932705782528,0
7,0.02004557802758842,1.0346986544604122,0
8,0.010196246050992607,0.9637058951551873,0
1,0.2488551889954031,0.5020753213322554,0.002431323349788676
2,0.17111552693773185,0.7853929450222789,0.007189564433772186
3,0.0897963856725194,0.8708650566202993,0.015712128428276698
4,0.03983232364825059,0.885384678501442,0.035525122519351277
5,0.013492036584639619,0.8674098315476304,0.08099014720202648
6,0.006935700133318913,0.8283113170535006,0.12477392681399864
7,0.015087796449531645,0.9854120502332724,0
1,0.10912598294249697,0.7952630454614819,0
2,0.05350587078419672,0.9509586452792765,0
3,0.03220992337568543,0.9763530041848998,0
4,0.01834345924415502,0.9958174584063317,0
5,0.012527394200971527,1.0367796059600982,0
6,0.01047515892645725,1.0619984423474298,0
7,NA,NA,NA
8,0.005285727502593138,1.1127753423518003,0
9,0.008129124946711882,0.7893058845792034,0
1,NA,NA,NA
2,NA,NA,NA
3,NA,NA,NA
4,NA,NA,NA
5,0.005133591169171036,0.9986161644420527,0.0027741137632247134
6,0.002267733049218568,1.024247241937857,0.006784862533135897
7,0.001848546546857862,1.0651646133568335,0.005012760417460989
8,0.0011679442853644358,0.9297608090909262,0.07886171832910618
1,0.12406098292115708,0.763783640313914,4.272506027528114e-4
2,NA,NA,NA
3,NA,NA,NA
4,0.05177321773640716,0.9553925377841441,0.006463984926630401
5,0.03822021867845486,0.8387256402512112,0.018074411585835125
6,0.05690465958373055,0.7456274986958348,0.17604969725497463
7,0.08112191991135068,0.8583666567944903,0.2897151212720702
1,0.06176713386275536,0.8706999328809251,0
2,0.042357265951470054,0.9650174513918393,0
3,0.024142969835352246,0.9833702364332142,0
4,0.013576187129834417,0.9963898675670595,0
5,0.008230446394158836,1.0036147621183746,0
6,0.004628415440262082,0.9619326010043722,0
7,0.003875540176454857,0.891967400381922,0
8,0.0013500844159889539,0.5942355364867911,0
1,NA,NA,NA
2,NA,NA,NA
3,NA,NA,NA
4,NA,NA,NA
5,NA,NA,NA
6,NA,NA,NA
7,0.0012300113261142624,1.0042060707089275,0.016464089654941963
8,0.0013748913335283643,0.9385393741746848,0.02873929237510818
1,0.07716752820762995,0.8430497539763426,3.3894804612290437e-4
2,0.03791365752210218,0.9624082453474738,6.072419917770591e-4
3,0.01908510654232003,0.9820463281841627,0.0010695425823074136
4,0.008442908034119826,0.991754407351807,0.0017214186398420732
5,0.004302112534755499,1.0056558641092286,0.004380174148879649
6,0.0014344088161397934,0.9453813922851492,0.01719729779385972
7,0.44260035004081416,0.6997399323356885,0
1,NA,NA,NA
2,0.02055090784482158,0.9814761264738631,0
3,0.009980230000197352,0.9911395371309879,0
4,0.004240670916208108,0.9961619910199306,0
5,0.0018784352680402457,0.9980546055480811,0
6,0.00109826294448776,0.996037674295061,0
7,2.9341833220417746e-4,0.9767550085869984,0
1,0.04374194271863137,0.9136745050308884,7.398665655357628e-4
2,0.02665715270370667,0.9726225437915974,0.001425636075980278
3,0.012278655467342726,0.9846687188103278,0.002352412352135963
4,0.005153246951043428,0.9891569876053968,0.004013077172515684
5,0.0020584926112808214,0.9890937033652925,0.008067801808859722
6,8.907922299253482e-4,0.995021209714783,0.007007408653587334
7,8.052445628112869e-5,0.9710879400648492,0
